Lulu Restaurant,,105台灣台北市松山區民生東路三段113巷9號,台北市,松山區,"星期一: 11:30 – 22:00,星期二: 11:30 – 22:00,星期三: 11:30 – 22:00,星期四: 11:30 – 22:00,星期五: 11:30 – 22:00,星期六: 11:30 – 22:00,星期日: 11:30 – 22:00",,02 2713 2250,https://maps.google.com/?cid=14968468533031037856
L'IDIOT RESTAURANT 驢子餐廳,,10491台灣台北市中山區林森北路369號,台北市,中山區,"星期一: 11:30 – 14:30, 17:30 – 21:30,星期二: 休息,星期三: 休息,星期四: 11:30 – 14:30, 17:30 – 21:30,星期五: 11:30 – 14:30, 17:30 – 21:30,星期六: 11:00 – 14:30, 17:00 – 21:30,星期日: 11:00 – 14:30, 17:00 – 21:30",,0903 393 098,https://maps.google.com/?cid=17778201792373287955
Orchid Restaurant 蘭,,106台灣台北市大安區安和路二段83號,台北市,大安區,"星期一: 休息,星期二: 11:30 – 14:30, 18:00 – 22:30,星期三: 11:30 – 14:30, 18:00 – 22:30,星期四: 11:30 – 14:30, 18:00 – 22:30,星期五: 11:30 – 14:30, 18:00 – 22:30,星期六: 11:30 – 14:30, 18:00 – 22:30,星期日: 11:30 – 14:30, 18:00 – 22:30",,02 2378 3333,https://maps.google.com/?cid=8521452223721840553
Restaurant Page 頁小館,,10463台灣台北市中山區北安路595巷20弄4號1樓,台北市,中山區,"星期一: 11:30 – 14:30, 17:30 – 21:00,星期二: 11:30 – 14:30, 17:30 – 21:30,星期三: 11:30 – 14:30, 17:30 – 21:30,星期四: 11:30 – 14:30, 17:30 – 21:30,星期五: 11:30 – 14:30, 17:30 – 21:30,星期六: 11:30 – 14:30, 17:30 – 21:30,星期日: 11:30 – 14:30, 17:30 – 21:30",,02 2532 8003,https://maps.google.com/?cid=15360146453359379430
Leone Restaurant & Bar 台北餐酒館/中山餐酒館/約會餐廳/包場/酒吧/聚餐,,104台灣台北市中山區林森北路353巷20號,台北市,中山區,"星期一: 18:00 – 01:00,星期二: 18:00 – 01:00,星期三: 18:00 – 01:00,星期四: 18:00 – 01:00,星期五: 18:00 – 02:00,星期六: 18:00 – 02:00,星期日: 18:00 – 01:00",,02 2581 3109,https://maps.google.com/?cid=3849962212163728550
ULV Restaurant and Bar,,10691台灣台北市大安區敦化南路一段160巷18號一樓,台北市,大安區,"星期一: 休息,星期二: 12:00 – 14:30, 18:00 – 22:30,星期三: 12:00 – 14:30, 18:00 – 22:30,星期四: 12:00 – 14:30, 18:00 – 22:30,星期五: 12:00 – 14:30, 18:00 – 22:30,星期六: 12:00 – 14:30, 18:00 – 22:30,星期日: 12:00 – 14:30, 18:00 – 22:30",,02 8771 0828,https://maps.google.com/?cid=15617989313500541572
The Kitchen Table 西餐廳,,110台灣台北市信義區忠孝東路五段10號10樓,台北市,信義區,"星期一: 07:00 – 10:00, 12:00 – 14:30, 18:00 – 21:30,星期二: 07:00 – 10:00, 12:00 – 14:30, 18:00 – 21:30,星期三: 07:00 – 10:00, 12:00 – 14:30, 18:00 – 21:30,星期四: 07:00 – 10:00, 12:00 – 14:30, 18:00 – 21:30,星期五: 07:00 – 10:00, 12:00 – 14:30, 18:00 – 22:00,星期六: 07:00 – 10:30, 12:00 – 15:00, 18:00 – 22:00,星期日: 07:00 – 10:30, 12:00 – 15:00, 18:00 – 22:00",,02 7703 8887,https://maps.google.com/?cid=17171224117541424586
BeApe Restaurant,,10491台灣台北市中山區中山北路二段72巷1號2樓,台北市,中山區,"星期一: 11:30 – 14:30, 18:00 – 22:00,星期二: 11:30 – 14:30, 18:00 – 22:00,星期三: 11:30 – 14:30, 18:00 – 22:00,星期四: 11:30 – 14:30, 18:00 – 22:00,星期五: 11:30 – 15:00, 18:00 – 22:30,星期六: 11:30 – 15:00, 18:00 – 22:30,星期日: 11:30 – 14:30, 18:00 – 22:00",,,https://maps.google.com/?cid=1967108818887037358
大嗑西式餐館,,100台灣台北市中正區濟南路二段18-3號,台北市,中正區,"星期一: 休息,星期二: 11:30 – 13:50, 17:30 – 20:30,星期三: 11:30 – 13:50, 17:30 – 20:30,星期四: 11:30 – 13:50, 17:30 – 20:30,星期五: 11:30 – 13:50, 17:30 – 20:30,星期六: 11:30 – 13:50, 17:30 – 20:30,星期日: 11:30 – 13:50, 17:30 – 20:30",,02 2394 8810,https://maps.google.com/?cid=9727607291188377182
寒舍食譜 (台北寒舍艾美酒店),,110台灣台北市信義區松仁路38號,台北市,信義區,"星期一: 11:30 – 14:00, 18:00 – 21:30,星期二: 11:30 – 14:00, 18:00 – 21:30,星期三: 11:30 – 14:00, 18:00 – 21:30,星期四: 11:30 – 14:00, 18:00 – 21:30,星期五: 11:30 – 14:00, 18:00 – 21:30,星期六: 11:30 – 14:00, 18:00 – 21:30,星期日: 11:30 – 14:00, 18:00 – 21:30",,02 6622 5820,https://maps.google.com/?cid=18230645870557760026
紫艷中餐廳,,110台灣台北市信義區忠孝東路五段10號31樓,台北市,信義區,"星期一: 11:30 – 14:30, 18:00 – 22:00,星期二: 11:30 – 14:30, 18:00 – 22:00,星期三: 11:30 – 14:30, 18:00 – 22:00,星期四: 11:30 – 14:30, 18:00 – 22:00,星期五: 11:30 – 14:30, 18:00 – 22:00,星期六: 11:30 – 14:30, 18:00 – 22:00,星期日: 11:30 – 14:30, 18:00 – 22:00",,02 7703 8768,https://maps.google.com/?cid=7783588919071313114
Salt and Stone,,"4 樓 No. 45號, 市府路信義區台北市台灣 110",台北市,信義區,"星期一: 11:30 – 14:20, 14:30 – 16:30, 17:30 – 22:00,星期二: 11:30 – 14:20, 14:30 – 16:30, 17:30 – 22:00,星期三: 11:30 – 14:20, 14:30 – 16:30, 17:30 – 22:00,星期四: 11:30 – 14:20, 14:30 – 16:30, 17:30 – 22:00,星期五: 11:30 – 14:20, 14:30 – 16:30, 17:30 – 22:00,星期六: 11:30 – 14:20, 14:30 – 16:30, 17:30 – 22:00,星期日: 11:30 – 14:20, 14:30 – 16:30, 17:30 – 22:00",,02 8101 8177,https://maps.google.com/?cid=6540587389450439197
波麗路西餐廳,,103台灣台北市大同區民生西路308號,台北市,大同區,"星期一: 休息,星期二: 10:00 – 14:30, 17:00 – 21:00,星期三: 10:00 – 14:30, 17:00 – 21:00,星期四: 10:00 – 14:30, 17:00 – 21:00,星期五: 10:00 – 14:30, 17:00 – 21:00,星期六: 10:00 – 21:00,星期日: 10:00 – 21:00",,02 2556 0710,https://maps.google.com/?cid=10919525366184022024
銀翼餐廳,,106台灣台北市大安區金山南路二段18號2樓,台北市,大安區,"星期一: 11:00 – 14:00, 17:00 – 21:00,星期二: 11:00 – 14:00, 17:00 – 21:00,星期三: 11:00 – 14:00, 17:00 – 21:00,星期四: 11:00 – 14:00, 17:00 – 21:00,星期五: 11:00 – 14:00, 17:00 – 21:00,星期六: 11:00 – 14:00, 17:00 – 21:00,星期日: 11:00 – 14:00, 17:00 – 21:00",,02 2341 7799,https://maps.google.com/?cid=1638095005426167775
KiKi餐廳(信義誠品店),,110台灣台北市信義區松高路11號誠品生活商場 4樓,台北市,信義區,"星期一: 11:00 – 15:00, 17:15 – 21:30,星期二: 11:00 – 15:00, 17:15 – 21:30,星期三: 11:00 – 15:00, 17:15 – 21:30,星期四: 11:00 – 15:00, 17:15 – 21:30,星期五: 11:00 – 15:00, 17:15 – 22:00,星期六: 11:00 – 15:00, 17:15 – 22:00,星期日: 11:00 – 15:00, 17:15 – 21:30",,02 2722 0388,https://maps.google.com/?cid=15238668193543725633
Gustoso Italian Restaurant,,10685台灣台北市大安區敦化南路1段331號2樓,台北市,大安區,"星期一: 休息,星期二: 休息,星期三: 休息,星期四: 休息,星期五: 06:30 – 22:00,星期六: 06:30 – 22:00,星期日: 06:30 – 22:00",,02 7726 9099,https://maps.google.com/?cid=12935769464317724726
君品酒店 - 頤宮中餐廳 Le Palais,,103台灣台北市大同區承德路一段3號17樓,台北市,大同區,"星期一: 11:30 – 14:30, 17:30 – 21:30,星期二: 11:30 – 14:30, 17:30 – 21:30,星期三: 11:30 – 14:30, 17:30 – 21:30,星期四: 11:30 – 14:30, 17:30 – 21:30,星期五: 11:30 – 14:30, 17:30 – 21:30,星期六: 11:30 – 14:30, 17:30 – 21:30,星期日: 11:30 – 14:30, 17:30 – 21:30",,02 2181 9950#3261,https://maps.google.com/?cid=10409924790036712938
L先生義法餐廳,,105台灣台北市松山區民生東路四段131巷21號,台北市,松山區,"星期一: 休息,星期二: 休息,星期三: 11:30 – 14:30, 18:00 – 22:00,星期四: 11:30 – 14:30, 18:00 – 22:00,星期五: 11:30 – 14:30, 18:00 – 22:00,星期六: 11:30 – 14:30, 18:00 – 22:00,星期日: 11:30 – 14:30, 18:00 – 22:00",,02 8770 5505,https://maps.google.com/?cid=16190689011505568840
台北君悅酒店 ZIGA ZAGA,,110台灣台北市信義區松壽路2號,台北市,信義區,"星期一: 休息,星期二: 11:30 – 14:00, 18:00 – 21:00,星期三: 11:30 – 14:00, 18:00 – 21:00,星期四: 11:30 – 14:00, 18:00 – 21:00,星期五: 11:30 – 14:00, 18:00 – 21:30,星期六: 11:30 – 14:00, 18:00 – 21:30,星期日: 11:30 – 14:00, 18:00 – 21:00",,02 2720 1230,https://maps.google.com/?cid=10291152521865769584
Buttermilk 摩登美式餐廳,,10491台灣台北市中山區中山北路二段57之1號,台北市,中山區,"星期一: 11:30 – 22:00,星期二: 11:30 – 22:00,星期三: 11:30 – 22:00,星期四: 11:30 – 22:00,星期五: 11:30 – 22:00,星期六: 11:30 – 22:00,星期日: 11:30 – 22:00",,02 2565 2898,https://maps.google.com/?cid=5759993304091414803
MUME,,106台灣台北市大安區四維路28號,台北市,大安區,"星期一: 17:30 – 23:00,星期二: 17:30 – 23:00,星期三: 17:30 – 23:00,星期四: 17:30 – 23:00,星期五: 17:30 – 23:00,星期六: 17:30 – 23:00,星期日: 17:30 – 23:00",,02 2700 0901,https://maps.google.com/?cid=3458791050005111054
PICO PICO,,106台灣台北市大安區安和路一段102巷28號,台北市,大安區,"星期一: 休息,星期二: 16:00 – 23:00,星期三: 16:00 – 23:00,星期四: 16:00 – 23:00,星期五: 16:00 – 23:00,星期六: 16:00 – 23:00,星期日: 休息",,02 2755 1161,https://maps.google.com/?cid=6726172599841555533
翡冷翠義式餐廳,,100台灣台北市中正區漢口街一段15號1樓,台北市,中正區,"星期一: 11:30 – 21:30,星期二: 11:30 – 21:30,星期三: 11:30 – 21:30,星期四: 11:30 – 21:30,星期五: 11:30 – 21:30,星期六: 11:30 – 21:30,星期日: 11:30 – 21:30",,02 2375 9977,https://maps.google.com/?cid=8107804549227587916
崔妮傑恩 微風信義店,,"號4樓, No. 68忠孝東路五段信義區台北市台灣 110",台北市,信義區,"星期一: 11:00 – 21:30,星期二: 11:00 – 21:30,星期三: 11:00 – 21:30,星期四: 11:00 – 22:00,星期五: 11:00 – 22:00,星期六: 11:00 – 22:00,星期日: 11:00 – 21:30",,02 6623 5508,https://maps.google.com/?cid=9258862127927459762
JOYCE EAST,,110台灣台北市信義區信義路五段128號,台北市,信義區,"星期一: 11:30 – 23:00,星期二: 11:30 – 23:00,星期三: 11:30 – 23:00,星期四: 11:30 – 23:00,星期五: 11:30 – 23:00,星期六: 11:30 – 23:00,星期日: 11:30 – 23:00",,02 8789 6128,https://maps.google.com/?cid=616489067123393819
吉比鮮釀餐廳 - 信義店,,110台灣台北市信義區松壽路11號,台北市,信義區,"星期一: 11:00 – 21:30,星期二: 11:00 – 21:30,星期三: 11:00 – 21:30,星期四: 11:00 – 21:30,星期五: 11:00 – 22:00,星期六: 11:00 – 22:00,星期日: 11:00 – 21:30",,02 8786 7588,https://maps.google.com/?cid=7945470382632659910
台北君悅酒店 Bel Air 寶艾西餐廳,,110台灣台北市信義區松壽路2號2樓,台北市,信義區,"星期一: 11:30 – 14:00, 18:00 – 21:00,星期二: 11:30 – 14:00, 18:00 – 21:00,星期三: 11:30 – 14:00, 18:00 – 21:00,星期四: 11:30 – 14:00, 18:00 – 21:00,星期五: 11:30 – 14:00, 18:00 – 21:30,星期六: 11:30 – 14:00, 18:00 – 21:30,星期日: 11:30 – 14:00, 18:00 – 21:00",,02 2720 1230,https://maps.google.com/?cid=10024935560964377364
S Restaurant & Bar,,105台灣台北市松山區敦化北路150號,台北市,松山區,"星期一: 12:00 – 17:30,星期二: 12:00 – 17:30,星期三: 12:00 – 17:30,星期四: 12:00 – 17:30,星期五: 12:00 – 17:30,星期六: 12:00 – 17:30,星期日: 12:00 – 17:30",,02 2712 0877,https://maps.google.com/?cid=18034454452797116152
de nuit,,106台灣台北市大安區信義路四段175號,台北市,大安區,"星期一: 休息,星期二: 18:00 – 22:30,星期三: 18:00 – 22:30,星期四: 18:00 – 22:30,星期五: 18:00 – 22:30,星期六: 11:00 – 15:00, 18:00 – 22:30,星期日: 休息",,02 2700 1958,https://maps.google.com/?cid=16216529995124386255
| 松果院子 | Restaurant Pinecone,,105台灣台北市松山區富錦街449號,台北市,松山區,"星期一: 11:00 – 21:00,星期二: 11:00 – 21:00,星期三: 11:00 – 21:00,星期四: 11:00 – 21:00,星期五: 11:00 – 21:00,星期六: 11:00 – 21:00,星期日: 11:00 – 21:00",,02 2765 0386,https://maps.google.com/?cid=4384635665620557196
昆明園 Kunming Islamic Restaurant,,105台灣台北市松山區復興北路81巷26號,台北市,松山區,"星期一: 11:30 – 14:00, 17:30 – 21:00,星期二: 11:30 – 14:00, 17:30 – 21:00,星期三: 11:30 – 14:00, 17:30 – 21:00,星期四: 11:30 – 14:00, 17:30 – 21:00,星期五: 11:30 – 14:00, 17:30 – 21:00,星期六: 17:30 – 21:00,星期日: 17:30 – 21:00",,02 2751 6776,https://maps.google.com/?cid=5574949563295418170
Chili's Grill & Bar美式休閒餐廳-信義店 (Xinyi),,110台灣台北市信義區松壽路22號,台北市,信義區,"星期一: 11:30 – 14:30, 17:30 – 22:00,星期二: 11:30 – 14:30, 17:30 – 22:00,星期三: 11:30 – 14:30, 17:30 – 22:00,星期四: 11:30 – 14:30, 17:30 – 22:00,星期五: 11:30 – 14:30, 17:30 – 22:00,星期六: 11:30 – 22:00,星期日: 11:30 – 22:00",,02 2345 8838,https://maps.google.com/?cid=18444774954606368562
GMT義大利餐廳,,10491台灣台北市中山區樂群二路55號,台北市,中山區,"星期一: 11:30 – 14:30,星期二: 11:30 – 14:30,星期三: 11:30 – 14:30,星期四: 11:30 – 14:30,星期五: 11:30 – 14:30, 18:00 – 22:00,星期六: 11:00 – 14:30, 18:00 – 22:00,星期日: 11:00 – 14:30, 18:00 – 22:00",,02 7722 3396,https://maps.google.com/?cid=10266355212768720694
隨意鳥地方101觀景餐廳,,110台灣台北市信義區信義路五段7號85F,台北市,信義區,"星期一: 11:30 – 15:00, 17:30 – 21:30,星期二: 11:30 – 15:00, 17:30 – 21:30,星期三: 11:30 – 15:00, 17:30 – 21:30,星期四: 11:30 – 15:00, 17:30 – 21:30,星期五: 11:30 – 15:00, 17:30 – 21:30,星期六: 11:30 – 15:00, 17:30 – 21:30,星期日: 11:30 – 15:00, 17:30 – 21:30",,02 8101 0016,https://maps.google.com/?cid=5059365380531189586
Mama Inca印加媽媽秘魯餐館,,"台北市大安區瑞安街31巷1-1號 no.1, No. 1, lane31, Rei-an street, 大安區台北市台灣 106",台北市,大安區,"星期一: 休息,星期二: 12:00 – 14:00, 17:30 – 21:00,星期三: 12:00 – 14:00, 17:30 – 21:00,星期四: 12:00 – 14:00, 17:30 – 21:00,星期五: 12:00 – 14:00, 17:30 – 21:00,星期六: 12:00 – 14:00, 17:30 – 21:00,星期日: 12:00 – 14:00, 17:30 – 21:00",,02 2709 2832,https://maps.google.com/?cid=15465834099570978647
台北雙層餐車,,110台灣台北市信義區忠孝東路五段68之2號,台北市,信義區,,,,https://maps.google.com/?cid=1516081034610559091
宋廚菜館,,110台灣台北市信義區忠孝東路五段15巷14號,台北市,信義區,"星期一: 11:30 – 14:00, 17:30 – 21:00,星期二: 11:30 – 14:00, 17:30 – 21:00,星期三: 11:30 – 14:00, 17:30 – 21:00,星期四: 11:30 – 14:00, 17:30 – 21:00,星期五: 11:30 – 14:00, 17:30 – 21:00,星期六: 11:30 – 14:00, 17:30 – 21:00,星期日: 休息",,02 2764 4788,https://maps.google.com/?cid=2300000221384265533
波記茶餐廳,,106台灣台北市大安區延吉街70巷8號,台北市,大安區,"星期一: 11:30 – 21:00,星期二: 11:30 – 21:00,星期三: 11:30 – 21:00,星期四: 11:30 – 21:00,星期五: 11:30 – 21:00,星期六: 11:30 – 21:00,星期日: 11:30 – 21:00",,02 8773 1913,https://maps.google.com/?cid=16445617414472767515
吉比鮮釀餐廳 - 敦北店,,105台灣台北市松山區敦化北路102號,台北市,松山區,"星期一: 11:00 – 22:00,星期二: 11:00 – 22:00,星期三: 11:00 – 22:00,星期四: 11:00 – 22:00,星期五: 11:00 – 22:00,星期六: 11:00 – 22:00,星期日: 11:00 – 22:00",,02 2713 5288,https://maps.google.com/?cid=6463886454172416968
台北君悅酒店 漂亮廣式海鮮餐廳 Pearl Liang Cantonese Restaurant,,110台灣台北市信義區松壽路2號,台北市,信義區,"星期一: 11:30 – 14:00, 18:00 – 21:00,星期二: 11:30 – 14:00, 18:00 – 21:00,星期三: 11:30 – 14:00, 18:00 – 21:00,星期四: 11:30 – 14:00, 18:00 – 21:00,星期五: 11:30 – 14:00, 18:00 – 21:30,星期六: 11:30 – 14:00, 18:00 – 21:30,星期日: 11:30 – 14:00, 18:00 – 21:00",,02 2720 1230,https://maps.google.com/?cid=11591921626083141194
Ephernité,,106台灣台北市大安區安和路二段233號,台北市,大安區,"星期一: 休息,星期二: 休息,星期三: 18:30 – 00:00,星期四: 18:30 – 00:00,星期五: 18:30 – 00:00,星期六: 18:30 – 00:00,星期日: 18:30 – 00:00",,02 2732 0732,https://maps.google.com/?cid=5999748013633755562
collective elements restaurant 健康餐廳/無國界料理/咖啡/下午茶/包場,,10491台灣台北市中山區中山北路二段96-1號,台北市,中山區,"星期一: 11:30 – 18:00,星期二: 11:30 – 18:00,星期三: 11:30 – 18:00,星期四: 11:30 – 18:00,星期五: 11:30 – 18:00,星期六: 休息,星期日: 休息",,02 2563 5900,https://maps.google.com/?cid=16864938590891717479
大亨餐酒館 Rich Restaurant,,104台灣台北市中山區天津街63 號1 樓,台北市,中山區,"星期一: 11:30 – 14:00, 17:30 – 22:00,星期二: 11:30 – 14:00, 17:30 – 22:00,星期三: 11:30 – 14:00, 17:30 – 22:00,星期四: 11:30 – 14:00, 17:30 – 22:00,星期五: 11:30 – 14:00, 17:30 – 22:00,星期六: 11:30 – 14:00, 17:30 – 22:00,星期日: 休息",,02 2542 3388,https://maps.google.com/?cid=12110323172369262295
the Diner 樂子信義旗艦店,,110台灣台北市信義區松壽路12號,台北市,信義區,"星期一: 10:00 – 22:00,星期二: 10:00 – 22:00,星期三: 10:00 – 22:00,星期四: 10:00 – 22:00,星期五: 09:00 – 22:00,星期六: 09:00 – 22:00,星期日: 09:00 – 22:00",,02 7737 5055,https://maps.google.com/?cid=11761449697884804652
Longtail,,106台灣台北市大安區敦化南路二段174號,台北市,大安區,"星期一: 18:00 – 00:00,星期二: 休息,星期三: 18:00 – 00:00,星期四: 18:00 – 00:00,星期五: 18:00 – 02:00,星期六: 18:00 – 02:00,星期日: 18:00 – 00:00",,02 2732 6616,https://maps.google.com/?cid=4814859082437415695
Nola Kitchen 紐澳良小廚,,110台灣台北市信義區信義路五段150巷14弄16號,台北市,信義區,"星期一: 11:30 – 22:00,星期二: 11:30 – 22:00,星期三: 11:30 – 22:00,星期四: 11:30 – 22:00,星期五: 11:30 – 22:00,星期六: 10:00 – 22:00,星期日: 10:00 – 22:00",,02 2722 7662,https://maps.google.com/?cid=15764652605154569663
塔吉摩洛哥料理,,106台灣台北市大安區基隆路二段144巷3號,台北市,大安區,"星期一: 休息,星期二: 11:30 – 14:30, 18:00 – 21:00,星期三: 11:30 – 14:30, 18:00 – 21:00,星期四: 11:30 – 14:30, 18:00 – 21:00,星期五: 11:30 – 14:30, 18:00 – 21:00,星期六: 11:30 – 14:30, 18:00 – 21:00,星期日: 11:30 – 14:30, 18:00 – 21:00",,02 2732 7296,https://maps.google.com/?cid=12495071466830171508
Lazy Point Restaurant & Bar,,11493台灣台北市內湖區洲子街78號,台北市,內湖區,"星期一: 休息,星期二: 11:30 – 00:00,星期三: 11:30 – 00:00,星期四: 11:30 – 00:00,星期五: 11:30 – 01:00,星期六: 11:30 – 01:00,星期日: 休息",,02 8751 5509,https://maps.google.com/?cid=8513410161964912300
333 Restaurant & Bar,,105台灣台北市松山區南京東路三段333號,台北市,松山區,,,,https://maps.google.com/?cid=2137280255777314425
sPlus Restaurant,,110台灣台北市信義區光復南路415巷40號1樓,台北市,信義區,"星期一: 10:00 – 21:00,星期二: 10:00 – 21:00,星期三: 10:00 – 21:00,星期四: 10:00 – 21:00,星期五: 10:00 – 21:00,星期六: 10:00 – 21:00,星期日: 10:00 – 21:00",,02 2704 5038,https://maps.google.com/?cid=16197019612508977480
DOMANI 義式餐廳,,106台灣台北市大安區建國南路一段65巷7號,台北市,大安區,"星期一: 12:00 – 15:00, 18:00 – 22:00,星期二: 12:00 – 15:00, 18:00 – 22:00,星期三: 12:00 – 15:00, 18:00 – 22:00,星期四: 12:00 – 15:00, 18:00 – 22:00,星期五: 12:00 – 15:00, 18:00 – 22:00,星期六: 11:30 – 14:30, 17:30 – 21:30,星期日: 11:30 – 14:30, 17:30 – 21:30",,02 8772 3355,https://maps.google.com/?cid=11073101251264558376
L’ATELIER de Joël Robuchon侯布雄法式餐廳,,110台灣台北市信義區松仁路28號三樓,台北市,信義區,"星期一: 11:30 – 14:30, 18:00 – 21:30,星期二: 11:30 – 14:30, 18:00 – 21:30,星期三: 11:30 – 14:30, 18:00 – 21:30,星期四: 11:30 – 14:30, 18:00 – 21:30,星期五: 11:30 – 14:30, 18:00 – 22:00,星期六: 11:30 – 14:30, 18:00 – 22:00,星期日: 11:30 – 14:30, 18:00 – 21:30",,02 8729 2628,https://maps.google.com/?cid=18346024495854162635
大腕燒肉專門店,,104台灣台北市中山區敬業二路199號5樓,台北市,中山區,"星期一: 17:00 – 23:00,星期二: 17:00 – 23:00,星期三: 17:00 – 23:00,星期四: 17:00 – 23:00,星期五: 17:00 – 01:00,星期六: 17:00 – 01:00,星期日: 17:00 – 23:00",,02 2711 0179,https://maps.google.com/?cid=13979612077894611298
Just Grill,,110台灣台北市信義區松高路11號誠品信義旗艦店6F,台北市,信義區,"星期一: 12:00 – 14:30, 18:00 – 21:30,星期二: 12:00 – 14:30, 18:00 – 21:30,星期三: 12:00 – 14:30, 18:00 – 21:30,星期四: 12:00 – 14:30, 18:00 – 21:30,星期五: 12:00 – 14:30, 18:00 – 21:00,星期六: 12:00 – 14:30, 18:00 – 21:00,星期日: 12:00 – 14:30, 18:00 – 21:30",,02 8786 6099,https://maps.google.com/?cid=14943106385761657639
Der Löwe Bavarian Restaurant 巴獅子德國餐廳,,"B1, No. 19號敦化南路二段63巷大安區台北市台灣 106",台北市,大安區,"星期一: 休息,星期二: 休息,星期三: 17:30 – 22:00,星期四: 17:30 – 22:00,星期五: 17:30 – 22:00,星期六: 12:00 – 15:00, 17:30 – 22:00,星期日: 12:00 – 15:00, 17:30 – 22:00",,02 2325 6457,https://maps.google.com/?cid=4899815815877259739
The Ukai Taipei,,110台灣台北市信義區松智路17號46樓,台北市,信義區,"星期一: 12:00 – 15:00, 18:00 – 22:00,星期二: 12:00 – 15:00, 18:00 – 22:00,星期三: 12:00 – 15:00, 18:00 – 22:00,星期四: 12:00 – 15:00, 18:00 – 22:00,星期五: 12:00 – 15:00, 18:00 – 22:00,星期六: 12:00 – 15:00, 18:00 – 22:00,星期日: 12:00 – 15:00, 18:00 – 22:00",,02 7730 1166,https://maps.google.com/?cid=2509510273489426856
籌學費餐廳,,110台灣台北市信義區光復南路417巷37號,台北市,信義區,"星期一: 休息,星期二: 17:30 – 00:00,星期三: 17:30 – 00:00,星期四: 17:30 – 00:00,星期五: 12:00 – 14:30, 17:30 – 00:00,星期六: 12:00 – 14:30, 17:30 – 00:00,星期日: 12:00 – 20:00",,02 2345 1398,https://maps.google.com/?cid=1140287619445676510
添好運 (新光三越A8),,110台灣台北市信義區松高路12號B2,台北市,信義區,"星期一: 11:00 – 21:30,星期二: 11:00 – 21:30,星期三: 11:00 – 21:30,星期四: 11:00 – 21:00,星期五: 11:00 – 22:00,星期六: 11:00 – 22:00,星期日: 11:00 – 21:30",,02 2722 9358,https://maps.google.com/?cid=2223996514397896255
鼎泰豐 101店,,110台灣台北市信義區市府路45號B1,台北市,信義區,"星期一: 11:00 – 20:30,星期二: 11:00 – 20:30,星期三: 11:00 – 20:30,星期四: 11:00 – 20:30,星期五: 11:00 – 20:30,星期六: 11:00 – 20:30,星期日: 11:00 – 20:30",,02 8101 7799,https://maps.google.com/?cid=5895780768888079129
雅閣,,10548台灣台北市松山區敦化北路158號,台北市,松山區,"星期一: 12:00 – 14:30, 18:00 – 22:00,星期二: 12:00 – 14:30, 18:00 – 22:00,星期三: 12:00 – 14:30, 18:00 – 22:00,星期四: 12:00 – 14:30, 18:00 – 22:00,星期五: 12:00 – 14:30, 18:00 – 22:00,星期六: 11:30 – 14:30, 18:00 – 22:00,星期日: 11:30 – 14:30, 18:00 – 22:00",,02 2715 6788,https://maps.google.com/?cid=5726764614814646754
Bar Mood Taipei 吧沐,,106台灣台北市大安區敦化南路一段160巷53號,台北市,大安區,"星期一: 18:00 – 01:00,星期二: 18:00 – 01:00,星期三: 18:00 – 01:00,星期四: 18:00 – 01:00,星期五: 18:00 – 02:00,星期六: 18:00 – 02:00,星期日: 18:00 – 01:00",,0905 773 621,https://maps.google.com/?cid=17309893052602135349
SoShow Bar & Restaurant/local cocktail/中山區酒吧/台灣特調,,"2f, No. 47號中山北路一段中山區台北市台灣 104",台北市,中山區,"星期一: 18:00 – 01:30,星期二: 18:00 – 01:30,星期三: 18:00 – 01:30,星期四: 18:00 – 01:30,星期五: 18:00 – 02:00,星期六: 18:00 – 02:00,星期日: 18:00 – 01:30",,02 2563 0519,https://maps.google.com/?cid=12894494929517118448
獨角落Do Bar,,103台灣台北市大同區長安西路162號號1樓,台北市,大同區,"星期一: 休息,星期二: 18:00 – 01:30,星期三: 18:00 – 01:30,星期四: 18:00 – 01:30,星期五: 18:00 – 03:00,星期六: 18:00 – 03:00,星期日: 18:00 – 01:30",,02 2558 0276,https://maps.google.com/?cid=3431668255828332301
Nep. Lounge Bar,,10491台灣台北市中山區天津街63號號B1,台北市,中山區,"星期一: 19:30 – 03:00,星期二: 19:30 – 03:00,星期三: 19:30 – 03:00,星期四: 19:30 – 03:00,星期五: 19:30 – 03:00,星期六: 19:30 – 03:00,星期日: 19:30 – 03:00",,02 2521 0069,https://maps.google.com/?cid=14687936566070103333
No.19 Bar,,10491台灣台北市中山區林森北路133巷19號號,台北市,中山區,"星期一: 20:00 – 03:00,星期二: 20:00 – 03:00,星期三: 20:00 – 03:00,星期四: 20:00 – 03:00,星期五: 20:00 – 03:00,星期六: 20:00 – 03:00,星期日: 20:00 – 03:00",,02 2523 3451,https://maps.google.com/?cid=12447363750724389301
BAR PUN,,106台灣台北市大安區信義路四段378巷5號,台北市,大安區,"星期一: 18:30 – 02:00,星期二: 18:30 – 02:00,星期三: 18:30 – 02:00,星期四: 18:30 – 02:00,星期五: 18:30 – 03:00,星期六: 18:30 – 03:00,星期日: 18:30 – 02:00",,02 2700 5000,https://maps.google.com/?cid=18059731465352406826
Bar M,,100台灣台北市中正區羅斯福路二段20號,台北市,中正區,"星期一: 18:30 – 00:30,星期二: 18:30 – 00:30,星期三: 18:30 – 00:30,星期四: 18:30 – 00:30,星期五: 18:30 – 01:30,星期六: 18:30 – 01:30,星期日: 18:30 – 00:00",,0966 024 881,https://maps.google.com/?cid=1178705658922850225
Intention,,106台灣台北市大安區敦化南路1段219號2樓,台北市,大安區,"星期一: 休息,星期二: 17:00 – 01:00,星期三: 17:00 – 01:00,星期四: 17:00 – 01:00,星期五: 17:00 – 02:00,星期六: 17:00 – 02:00,星期日: 17:00 – 00:00",,02 8772 7265,https://maps.google.com/?cid=13206201925591755961
無向 Bar Without,,10680台灣台北市大安區安和路二段27號,台北市,大安區,"星期一: 19:00 – 01:30,星期二: 19:00 – 01:30,星期三: 19:00 – 01:30,星期四: 19:00 – 01:30,星期五: 19:00 – 01:30,星期六: 19:00 – 01:30,星期日: 19:00 – 01:30",,02 2706 2567,https://maps.google.com/?cid=5902501810090617909
離城放感情,,106台灣台北市大安區嘉興街345號,台北市,大安區,"星期一: 18:00 – 02:00,星期二: 18:00 – 02:00,星期三: 18:00 – 02:00,星期四: 18:00 – 02:00,星期五: 18:00 – 03:00,星期六: 18:00 – 03:00,星期日: 18:00 – 02:00",,02 2738 9666,https://maps.google.com/?cid=9832568916145090188
Ounce,,106台灣台北市大安區信義路四段309號,台北市,大安區,"星期一: 18:00 – 02:00,星期二: 18:00 – 02:00,星期三: 18:00 – 02:00,星期四: 18:00 – 02:00,星期五: 18:00 – 03:00,星期六: 18:00 – 03:00,星期日: 18:00 – 02:00",,02 2703 7761,https://maps.google.com/?cid=16942511773914560940
台北酒驛 Turnout Taipei,,105台灣台北市松山區南京東路五段83號,台北市,松山區,"星期一: 18:30 – 01:30,星期二: 18:30 – 01:30,星期三: 18:30 – 01:30,星期四: 18:30 – 01:30,星期五: 18:30 – 02:00,星期六: 18:30 – 02:00,星期日: 18:30 – 01:30",,02 2500 6591,https://maps.google.com/?cid=5293372417658331451
Geography Bar／cocktail／whisky／西門町酒吧／Taipeibar／ximenbar,,108台灣台北市萬華區昆明街92-2號4樓 4樓,台北市,萬華區,"星期一: 19:00 – 02:00,星期二: 19:00 – 02:00,星期三: 19:00 – 02:00,星期四: 19:00 – 02:00,星期五: 19:00 – 03:00,星期六: 19:00 – 03:00,星期日: 19:00 – 02:00",,02 2331 0255,https://maps.google.com/?cid=5112799392373955720
BAR AFTER NINE 九後餐酒館,,106台灣台北市大安區信義路二段152號,台北市,大安區,"星期一: 18:00 – 02:00,星期二: 18:00 – 02:00,星期三: 18:00 – 02:00,星期四: 18:00 – 02:00,星期五: 18:00 – 02:00,星期六: 18:00 – 02:00,星期日: 18:00 – 02:00",,0983 990 701,https://maps.google.com/?cid=16463441947479227199
"Bitter Burro, take the bitter with the sweet Bar-台北車站酒吧 特色調酒 特色人氣酒吧 小酌推薦 Bar 經典酒吧 Popular Cocktail Bar",,10349台灣台北市大同區承德路一段24巷2號,台北市,大同區,"星期一: 20:00 – 02:00,星期二: 20:00 – 02:00,星期三: 20:00 – 02:00,星期四: 20:00 – 02:00,星期五: 19:00 – 02:00,星期六: 19:00 – 02:00,星期日: 休息",,02 2552 5896,https://maps.google.com/?cid=17075601213545020303
Vine Bar 藤蔓老屋,,"安和捷運站(入口為甲上燒餅側門, 光復南路454號 信義, 大安區台北市台灣 106",台北市,大安區,"星期一: 休息,星期二: 19:30 – 02:00,星期三: 19:30 – 02:00,星期四: 19:30 – 02:00,星期五: 19:30 – 03:00,星期六: 19:30 – 03:00,星期日: 19:30 – 02:00",,0905 475 520,https://maps.google.com/?cid=2284995207434153542
Learn Bar 學吧精釀,,100台灣台北市中正區信義路二段253號1樓,台北市,中正區,"星期一: 15:00 – 23:00,星期二: 15:00 – 23:00,星期三: 15:00 – 23:00,星期四: 15:00 – 23:00,星期五: 15:00 – 00:00,星期六: 15:00 – 00:00,星期日: 15:00 – 23:00",,02 2396 6818,https://maps.google.com/?cid=9800625814217574703
BAR 忠 Chu,,10460台灣台北市中山區新生北路三段18號,台北市,中山區,"星期一: 18:30 – 23:30,星期二: 18:30 – 23:30,星期三: 18:30 – 23:30,星期四: 18:30 – 23:30,星期五: 18:30 – 00:30,星期六: 18:30 – 00:30,星期日: 18:30 – 23:30",,02 2592 7776,https://maps.google.com/?cid=11212992208747671980
ONE 9 bar-美式酒吧 歡唱遊樂推薦 無限暢飲 手足球台 打飛鏢機 慶生派對 工商聚會 求婚婚後派對,,10491台灣台北市中山區林森北路119巷45號,台北市,中山區,"星期一: 21:00 – 05:00,星期二: 21:00 – 05:00,星期三: 21:00 – 05:00,星期四: 21:00 – 05:00,星期五: 21:00 – 05:00,星期六: 21:00 – 05:00,星期日: 21:00 – 05:00",,02 2563 9015,https://maps.google.com/?cid=3308131408778463926
BAR NiNE 日本語English okのショットバー,,104台灣台北市中山區林森北路107巷9號,台北市,中山區,"星期一: 20:00 – 03:00,星期二: 20:00 – 03:00,星期三: 20:00 – 03:00,星期四: 20:00 – 03:00,星期五: 20:00 – 03:00,星期六: 20:00 – 03:00,星期日: 20:00 – 03:00",,02 2563 3057,https://maps.google.com/?cid=14886378827876157177
WAT,,110台灣台北市信義區信義路五段16號1樓,台北市,信義區,"星期一: 15:00 – 22:00,星期二: 15:00 – 22:00,星期三: 15:00 – 22:00,星期四: 15:00 – 22:00,星期五: 15:00 – 23:00,星期六: 15:00 – 23:00,星期日: 15:00 – 22:00",,02 2720 5161,https://maps.google.com/?cid=2152643336293127997
SOUL MATE BAR,,103台灣台北市大同區承德路一段76號1樓,台北市,大同區,"星期一: 19:30 – 02:00,星期二: 19:30 – 02:00,星期三: 19:30 – 02:00,星期四: 19:30 – 02:00,星期五: 19:00 – 03:00,星期六: 19:00 – 03:00,星期日: 19:30 – 02:00",,02 2559 2469,https://maps.google.com/?cid=12132586482635835069
Sidebar,,106台灣台北市大安區文昌街275號,台北市,大安區,"星期一: 18:00 – 01:00,星期二: 18:00 – 01:00,星期三: 18:00 – 01:00,星期四: 18:00 – 01:00,星期五: 18:00 – 02:00,星期六: 18:00 – 02:00,星期日: 18:00 – 01:00",,0908 087 433,https://maps.google.com/?cid=1612994488872423690
Shaka Lounge Bar,,106台灣台北市大安區安和路二段23巷2號,台北市,大安區,"星期一: 17:30 – 01:30,星期二: 17:30 – 01:30,星期三: 17:30 – 01:30,星期四: 17:30 – 01:30,星期五: 18:30 – 02:30,星期六: 18:30 – 02:30,星期日: 17:30 – 01:30",,02 2705 3337,https://maps.google.com/?cid=8780089902354588292
發琴吧 Ginspiration,,103台灣台北市大同區迪化街一段76號3樓,台北市,大同區,"星期一: 休息,星期二: 18:00 – 00:00,星期三: 18:00 – 00:00,星期四: 18:00 – 00:00,星期五: 18:30 – 01:00,星期六: 18:30 – 01:00,星期日: 18:00 – 00:00",,02 2556 2526,https://maps.google.com/?cid=7600624766056326516
The Shrine,,100台灣台北市中正區師大路132號,台北市,中正區,"星期一: 18:00 – 01:00,星期二: 18:00 – 01:00,星期三: 18:00 – 01:00,星期四: 18:00 – 01:00,星期五: 18:00 – 01:00,星期六: 18:00 – 01:00,星期日: 18:00 – 01:00",,02 2367 5540,https://maps.google.com/?cid=12339776059688236279
Bar ansleep (日本經營) Taipei,,"No. 20-1號, 雙城街13巷中山區台北市台灣 10491",台北市,中山區,"星期一: 13:00 – 02:00,星期二: 18:00 – 02:00,星期三: 18:00 – 02:00,星期四: 20:00 – 02:00,星期五: 13:00 – 02:00,星期六: 13:00 – 02:00,星期日: 13:00 – 18:00, 20:00 – 02:00",,,https://maps.google.com/?cid=14978379189804923778
B Line by A Train,,100台灣台北市中正區忠孝東路二段104號2樓,台北市,中正區,"星期一: 18:00 – 01:30,星期二: 11:00 – 17:00, 18:00 – 01:30,星期三: 11:00 – 17:00, 18:00 – 01:30,星期四: 11:00 – 17:00, 18:00 – 01:30,星期五: 11:00 – 17:00, 18:00 – 02:30,星期六: 11:00 – 17:00, 18:00 – 02:30,星期日: 11:00 – 17:00, 18:00 – 01:30",,02 2356 0010,https://maps.google.com/?cid=15734105245238613214
URBAN331 BAR (慕軒飯店 MADISON TAIPEI HOTEL),,106台灣台北市大安區敦化南路1段331號,台北市,大安區,"星期一: 14:30 – 23:00,星期二: 11:30 – 21:30,星期三: 11:30 – 21:30,星期四: 11:30 – 21:30,星期五: 11:30 – 23:00,星期六: 14:30 – 23:00,星期日: 14:30 – 23:00",,02 7726 9090,https://maps.google.com/?cid=17721637008396487977
【Book ing bar 東區店】東區推薦｜東區餐酒｜東區酒吧｜東區餐廳｜東區晚餐｜Bar｜調酒｜約會｜隱密,,"1, No. 10號仁愛路四段345巷15弄大安區台北市台灣 106",台北市,大安區,"星期一: 19:00 – 01:00,星期二: 19:00 – 01:00,星期三: 19:00 – 01:00,星期四: 19:00 – 01:00,星期五: 19:00 – 02:00,星期六: 19:00 – 02:00,星期日: 19:00 – 01:00",,02 2775 4941,https://maps.google.com/?cid=13527723791837213412
Alchemy Bar Taipei,,110台灣台北市信義區信義路五段16-1號2樓,台北市,信義區,"星期一: 20:00 – 02:00,星期二: 20:00 – 02:00,星期三: 20:00 – 02:00,星期四: 20:00 – 02:00,星期五: 20:00 – 03:00,星期六: 20:00 – 03:00,星期日: 休息",,02 2720 0080,https://maps.google.com/?cid=5981436862755651303
Bittersweet Bar,,100台灣台北市中正區汀州路三段293號,台北市,中正區,"星期一: 11:00 – 01:00,星期二: 11:00 – 01:00,星期三: 11:00 – 01:00,星期四: 11:00 – 01:00,星期五: 11:00 – 02:00,星期六: 11:00 – 02:00,星期日: 11:00 – 01:00",,02 2367 8396,https://maps.google.com/?cid=6859272296551284946
Bar Off,,104台灣台北市中山區中山北路一段135巷36號,台北市,中山區,"星期一: 休息,星期二: 20:00 – 01:00,星期三: 20:00 – 01:00,星期四: 20:00 – 01:00,星期五: 20:00 – 02:00,星期六: 20:00 – 02:00,星期日: 休息",,02 2531 3508,https://maps.google.com/?cid=12398355033727331307
小公園 Piccolo Parco Caffe e Bar,,10677台灣台北市大安區通化街184巷1號,台北市,大安區,"星期一: 18:00 – 02:00,星期二: 18:00 – 02:00,星期三: 18:00 – 02:00,星期四: 18:00 – 02:00,星期五: 18:00 – 03:00,星期六: 18:00 – 03:00,星期日: 18:00 – 02:00",,02 2735 1648,https://maps.google.com/?cid=13082969575952458070
EAST END,,106台灣台北市大安區大安路一段56號3F,台北市,大安區,,,0903 531 851,https://maps.google.com/?cid=2114424947517350116
Da Bar,,106台灣台北市大安區仁愛路四段91巷5號,台北市,大安區,"星期一: 休息,星期二: 20:00 – 02:00,星期三: 20:00 – 02:00,星期四: 20:00 – 02:00,星期五: 20:00 – 04:00,星期六: 20:00 – 03:00,星期日: 20:00 – 02:00",,02 2711 9698,https://maps.google.com/?cid=14595167570433921324
The Speakeasy Bar,,106台灣台北市大安區光復南路554號,台北市,大安區,"星期一: 休息,星期二: 19:00 – 02:00,星期三: 19:00 – 02:00,星期四: 19:00 – 02:00,星期五: 19:00 – 02:00,星期六: 19:00 – 02:00,星期日: 休息",,02 2705 0300,https://maps.google.com/?cid=3243416438857259389
B612 Restaurant & Bar - B612餐酒館,,106台灣台北市大安區光復南路260巷51號,台北市,大安區,"星期一: 18:00 – 00:00,星期二: 18:00 – 00:00,星期三: 18:00 – 00:00,星期四: 18:00 – 00:00,星期五: 18:00 – 02:00,星期六: 18:00 – 02:00,星期日: 18:00 – 00:00",,02 2779 6088,https://maps.google.com/?cid=6982880252533316140
防空洞｜庇護所-Bar / cocktail bar / Whisky / Bistro / 東區/酒吧/場地租借/創意調酒,,106台灣台北市大安區延吉街137巷26號2樓,台北市,大安區,"星期一: 18:00 – 02:00,星期二: 18:00 – 02:00,星期三: 18:00 – 02:00,星期四: 18:00 – 02:00,星期五: 18:00 – 02:00,星期六: 18:00 – 02:00,星期日: 18:00 – 02:00",,02 2731 0801,https://maps.google.com/?cid=6367936939803763707
Re. Bar,,10563台灣台北市松山區光復南路55號,台北市,松山區,,,02 2748 0390,https://maps.google.com/?cid=9128824772441765976
Mikkeller Taipei 米凱樂啤酒吧,,103台灣台北市大同區南京西路241號,台北市,大同區,"星期一: 16:00 – 00:00,星期二: 16:00 – 00:00,星期三: 16:00 – 00:00,星期四: 16:00 – 00:00,星期五: 16:00 – 00:00,星期六: 16:00 – 00:00,星期日: 14:00 – 22:00",,02 2558 6978,https://maps.google.com/?cid=9399073434669257258
英倫俱樂部,,106台灣台北市大安區仁愛路四段222巷15號,台北市,大安區,"星期一: 18:00 – 02:00,星期二: 18:00 – 02:00,星期三: 18:00 – 02:00,星期四: 18:00 – 02:00,星期五: 18:00 – 03:00,星期六: 18:00 – 03:00,星期日: 18:00 – 02:00",,02 2700 0658,https://maps.google.com/?cid=6936572103677021240
BAR宮,,106台灣台北市大安區大安路一段31巷50號,台北市,大安區,"星期一: 18:00 – 02:00,星期二: 18:00 – 02:00,星期三: 18:00 – 02:00,星期四: 18:00 – 02:00,星期五: 18:00 – 03:00,星期六: 18:00 – 03:00,星期日: 18:00 – 02:00",,02 8773 8077,https://maps.google.com/?cid=17457505020485050773
The Primrose-中正區酒吧bar bistro(Bar春花),,100台灣台北市中正區新生南路一段56巷8號,台北市,中正區,"星期一: 休息,星期二: 19:00 – 01:00,星期三: 19:00 – 01:00,星期四: 19:00 – 01:00,星期五: 19:00 – 02:00,星期六: 19:00 – 02:00,星期日: 19:00 – 01:00",,0965 301 664,https://maps.google.com/?cid=9404621063606209945
BAR小谷 -bar otani-,,10491台灣台北市中山區中山北路一段83巷5-1號,台北市,中山區,"星期一: 19:00 – 00:00,星期二: 19:00 – 00:00,星期三: 19:00 – 01:00,星期四: 19:00 – 01:00,星期五: 19:00 – 01:00,星期六: 休息,星期日: 19:00 – 00:00",,,https://maps.google.com/?cid=16739902624107393441
MADE Taipei-東區人氣酒吧|cp酒吧|必去酒吧|忠孝復興人氣酒吧|特色酒吧|熱門酒吧,,106台灣台北市大安區忠孝東路四段94號2樓,台北市,大安區,"星期一: 18:00 – 02:00,星期二: 18:00 – 02:00,星期三: 18:00 – 02:00,星期四: 18:00 – 02:00,星期五: 18:00 – 03:00,星期六: 18:00 – 03:00,星期日: 18:00 – 02:00",,0906 111 936,https://maps.google.com/?cid=4054480880601989140
Bartwo 吧吐｜大安酒吧｜精緻美食｜約會包場,,106台灣台北市大安區基隆路二段229號,台北市,大安區,"星期一: 20:30 – 03:00,星期二: 休息,星期三: 20:30 – 03:00,星期四: 20:30 – 03:00,星期五: 20:30 – 04:00,星期六: 20:30 – 04:00,星期日: 20:30 – 03:00",,02 2581 8382,https://maps.google.com/?cid=15268796344109534347
OriginBAR 源,,105台灣台北市松山區南京東路四段133巷5弄31號,台北市,松山區,"星期一: 18:30 – 01:00,星期二: 18:30 – 01:00,星期三: 18:30 – 01:00,星期四: 18:30 – 01:00,星期五: 18:30 – 02:00,星期六: 18:30 – 02:00,星期日: 休息",,02 2547 5817,https://maps.google.com/?cid=645314151261077024
Trio 三重奏,,106台灣台北市大安區敦化南路二段63巷54弄12號,台北市,大安區,"星期一: 18:00 – 00:00,星期二: 18:00 – 00:00,星期三: 18:00 – 00:00,星期四: 18:00 – 00:00,星期五: 18:00 – 00:00,星期六: 18:00 – 00:00,星期日: 休息",,02 2703 8706,https://maps.google.com/?cid=16901429326186440136
Draft Land,,106台灣台北市大安區忠孝東路四段248巷2號1樓,台北市,大安區,"星期一: 18:00 – 01:00,星期二: 18:00 – 01:00,星期三: 18:00 – 01:00,星期四: 18:00 – 01:00,星期五: 18:00 – 01:00,星期六: 18:00 – 01:00,星期日: 18:00 – 01:00",,,https://maps.google.com/?cid=17910841840250993798
莫內 Lounge bar,,10491台灣台北市中山區林森北路133巷67號,台北市,中山區,"星期一: 21:30 – 04:00,星期二: 21:30 – 04:00,星期三: 21:30 – 04:00,星期四: 21:30 – 04:00,星期五: 21:30 – 04:00,星期六: 21:30 – 04:00,星期日: 21:30 – 04:00",,02 2542 8783,https://maps.google.com/?cid=6125227414498377733
台北君悅酒店 Cheers 歡飲廊,,11051台灣台北市信義區松壽路2號,台北市,信義區,"星期一: 11:30 – 22:00,星期二: 11:30 – 22:00,星期三: 11:30 – 22:00,星期四: 11:30 – 22:00,星期五: 11:30 – 23:00,星期六: 11:30 – 23:00,星期日: 11:30 – 22:00",,02 2720 1230,https://maps.google.com/?cid=491801418333421318
OAK,,10691台灣台北市大安區大安路一段51巷32號,台北市,大安區,"星期一: 19:00 – 03:00,星期二: 19:00 – 03:00,星期三: 19:00 – 03:00,星期四: 19:00 – 03:00,星期五: 19:00 – 03:00,星期六: 19:00 – 03:00,星期日: 19:00 – 03:00",,02 2731 6263,https://maps.google.com/?cid=11976581465221028085
MUD Bar,,10491台灣台北市中山區中山北路二段57-1號,台北市,中山區,"星期一: 休息,星期二: 19:00 – 01:00,星期三: 19:00 – 01:00,星期四: 19:00 – 01:00,星期五: 19:00 – 01:00,星期六: 19:00 – 01:00,星期日: 19:00 – 01:00",,02 2565 2828,https://maps.google.com/?cid=12747263447847024917
Needle Bar - 台北信義安和/捷運站2號出口/雞尾酒吧/吧臺式專屬服務/創意調酒/戶外區外帶,,106台灣台北市大安區文昌街125號,台北市,大安區,"星期一: 19:00 – 02:00,星期二: 19:00 – 02:00,星期三: 19:00 – 02:00,星期四: 19:00 – 02:00,星期五: 19:00 – 02:00,星期六: 19:00 – 02:00,星期日: 19:00 – 02:00",,02 2707 8831,https://maps.google.com/?cid=11256324733723833981
She_Design tapas soju bar（寵物友善）,,110台灣台北市信義區基隆路一段127號一樓,台北市,信義區,"星期一: 17:30 – 23:00,星期二: 17:30 – 23:00,星期三: 17:30 – 23:00,星期四: 17:30 – 23:00,星期五: 00:00 – 02:00, 17:30 – 02:00,星期六: 17:30 – 00:00,星期日: 17:30 – 23:00",,02 8787 3918,https://maps.google.com/?cid=239376615969085619
Dimple 酒窩 Bar,,10491台灣台北市中山區林森北路119巷6之1號1樓,台北市,中山區,"星期一: 21:00 – 05:00,星期二: 21:00 – 05:00,星期三: 21:00 – 05:00,星期四: 21:00 – 05:00,星期五: 21:00 – 05:00,星期六: 21:00 – 05:00,星期日: 21:00 – 05:00",,02 2511 1159,https://maps.google.com/?cid=2839307685055852604
Revolver,,100台灣台北市中正區羅斯福路一段1-1號,台北市,中正區,"星期一: 18:30 – 03:00,星期二: 18:30 – 03:00,星期三: 18:30 – 03:00,星期四: 18:30 – 03:00,星期五: 18:30 – 04:00,星期六: 18:30 – 04:00,星期日: 18:30 – 01:00",,02 3393 1678,https://maps.google.com/?cid=12072649379332967898
WOOBAR,,110台灣台北市信義區忠孝東路五段10號10F,台北市,信義區,"星期一: 11:00 – 22:30,星期二: 11:00 – 22:30,星期三: 11:00 – 22:30,星期四: 11:00 – 22:30,星期五: 11:00 – 01:00,星期六: 11:00 – 01:00,星期日: 11:00 – 22:30",,02 7703 8887,https://maps.google.com/?cid=13955015447149098842
PIZZA HUT必勝客-永吉信義店,,11086台灣台北市信義區信義路六段88號,台北市,信義區,"星期一: 11:00 – 21:00,星期二: 11:00 – 21:00,星期三: 11:00 – 21:00,星期四: 11:00 – 21:00,星期五: 11:00 – 21:00,星期六: 11:00 – 21:00,星期日: 11:00 – 21:00",,02 2346 0777,https://maps.google.com/?cid=9405090813948274821
Forks & Chopsticks 筷叉小館,,105台灣台北市松山區光復南路67號,台北市,松山區,"星期一: 11:00 – 14:30, 15:30 – 20:00,星期二: 11:00 – 14:30, 15:30 – 20:00,星期三: 11:00 – 14:30, 15:30 – 20:00,星期四: 11:00 – 14:30, 15:30 – 20:00,星期五: 11:00 – 14:30, 15:30 – 20:00,星期六: 11:00 – 14:30, 15:30 – 20:00,星期日: 11:00 – 14:30, 15:30 – 20:00",,02 2748 4205,https://maps.google.com/?cid=2820787955751419662
Love at First Bite-Bakery Cafe(北部第一家深盤披薩專賣店),,106台灣台北市大安區延吉街131巷1弄34號,台北市,大安區,"星期一: 休息,星期二: 12:00 – 21:00,星期三: 12:00 – 21:00,星期四: 12:00 – 21:00,星期五: 12:00 – 21:30,星期六: 12:00 – 21:30,星期日: 12:00 – 21:00",,02 2752 1001,https://maps.google.com/?cid=18411203980513643528
必勝客 光復餐廳店,,10672台灣台北市大安區忠孝東路四段341號2樓,台北市,大安區,"星期一: 11:00 – 21:00,星期二: 11:00 – 21:00,星期三: 11:00 – 21:00,星期四: 11:00 – 21:00,星期五: 11:00 – 21:00,星期六: 11:00 – 21:00,星期日: 11:00 – 21:00",,02 2776 6600,https://maps.google.com/?cid=1518862422126150365
PIZZA HUT必勝客-信義外送店,,11051台灣台北市信義區基隆路一段422號,台北市,信義區,"星期一: 11:00 – 21:00,星期二: 11:00 – 21:00,星期三: 11:00 – 21:00,星期四: 11:00 – 21:00,星期五: 11:00 – 21:00,星期六: 11:00 – 21:00,星期日: 11:00 – 21:00",,02 2758 5277,https://maps.google.com/?cid=5718810513325451861
PIZZA HUT必勝客-台北八德店,,10565台灣台北市松山區八德路四段293號,台北市,松山區,"星期一: 11:00 – 21:00,星期二: 11:00 – 21:00,星期三: 11:00 – 21:00,星期四: 11:00 – 21:00,星期五: 11:00 – 21:00,星期六: 11:00 – 21:00,星期日: 11:00 – 21:00",,02 2748 8900,https://maps.google.com/?cid=15985661168716275601
Pizza Hut必勝客-大安外送店,,106台灣台北市大安區大安路二段47號,台北市,大安區,"星期一: 11:00 – 21:00,星期二: 11:00 – 21:00,星期三: 11:00 – 21:00,星期四: 11:00 – 21:00,星期五: 11:00 – 21:00,星期六: 11:00 – 21:00,星期日: 11:00 – 21:00",,02 2325 6630,https://maps.google.com/?cid=14630692000922717008
立祥公寓精緻麵食館,,106台灣台北市大安區安和路二段74巷2號,台北市,大安區,"星期一: 11:30 – 14:30, 17:30 – 20:30,星期二: 11:30 – 14:30, 17:30 – 20:30,星期三: 11:30 – 14:30, 17:30 – 20:30,星期四: 11:30 – 14:30, 17:30 – 20:30,星期五: 11:30 – 14:30, 17:00 – 20:30,星期六: 11:30 – 14:30, 17:30 – 20:30,星期日: 11:30 – 14:30, 17:30 – 20:30",,02 2708 2887,https://maps.google.com/?cid=5196513837808274676
達美樂披薩 和平店,,106台灣台北市大安區和平東路三段81號,台北市,大安區,"星期一: 11:00 – 22:00,星期二: 11:00 – 22:00,星期三: 11:00 – 22:00,星期四: 11:00 – 22:00,星期五: 11:00 – 23:00,星期六: 11:00 – 23:00,星期日: 11:00 – 22:00",,02 2732 5335,https://maps.google.com/?cid=16872236619286602893
Pizza Hut必勝客永吉外送店,,11562台灣台北市南港區永吉路540號,台北市,南港區,"星期一: 11:00 – 21:00,星期二: 11:00 – 21:00,星期三: 11:00 – 21:00,星期四: 11:00 – 21:00,星期五: 11:00 – 21:00,星期六: 11:00 – 21:00,星期日: 11:00 – 21:00",,02 2782 9889,https://maps.google.com/?cid=14305175243636920854
"馬友友印度廚房 Mayur Indian Kitchen, MIK-1",,110台灣台北市信義區基隆路一段350-5號,台北市,信義區,"星期一: 休息,星期二: 11:30 – 15:00, 17:00 – 21:30,星期三: 11:30 – 15:00, 17:00 – 21:30,星期四: 11:30 – 15:00, 17:00 – 21:30,星期五: 11:30 – 15:00, 17:00 – 21:30,星期六: 11:30 – 15:00, 17:00 – 21:30,星期日: 11:30 – 15:00, 17:00 – 21:30",,02 2720 0011,https://maps.google.com/?cid=3666733460678728937
鴻城Hong Chen/台北會議便當/台北客製化餐盒/台北團體便當/台北便當外送/台北商業午餐,,110台灣台北市信義區莊敬路423巷2弄1號,台北市,信義區,"星期一: 09:00 – 12:00,星期二: 09:00 – 12:00,星期三: 09:00 – 12:00,星期四: 09:00 – 12:00,星期五: 09:00 – 12:00,星期六: 09:00 – 12:00,星期日: 09:00 – 12:00",,02 2758 0600,https://maps.google.com/?cid=12672556817549005821
TakeOut Burger&Cafe 民權店,,104台灣台北市中山區撫順街11號1樓,台北市,中山區,"星期一: 11:00 – 22:00,星期二: 11:00 – 22:00,星期三: 11:00 – 22:00,星期四: 11:00 – 22:00,星期五: 11:00 – 22:00,星期六: 11:00 – 22:00,星期日: 11:00 – 22:00",,02 2592 1011,https://maps.google.com/?cid=360455513491777974
芝加哥比薩,,106台灣台北市大安區復興南路二段379號,台北市,大安區,"星期一: 11:00 – 20:00,星期二: 11:00 – 20:00,星期三: 11:00 – 20:00,星期四: 11:00 – 20:00,星期五: 11:00 – 20:00,星期六: 11:00 – 20:00,星期日: 11:00 – 20:00",,02 2707 2121,https://maps.google.com/?cid=8043745091767872811
台北君悅酒店 凱菲屋 Café,,110台灣台北市信義區松壽路2號1樓,台北市,信義區,"星期一: 06:30 – 10:00, 11:30 – 14:00, 15:00 – 17:00, 18:00 – 21:00,星期二: 06:30 – 10:00, 11:30 – 14:00, 15:00 – 17:00, 18:00 – 21:00,星期三: 06:30 – 10:00, 11:30 – 14:00, 15:00 – 17:00, 18:00 – 21:00,星期四: 06:30 – 10:00, 11:30 – 14:00, 15:00 – 17:00, 18:00 – 21:00,星期五: 06:30 – 10:00, 11:30 – 14:00, 15:00 – 17:00, 18:00 – 21:00,星期六: 06:30 – 10:30, 11:30 – 14:00, 15:00 – 17:00, 18:00 – 21:00,星期日: 06:30 – 10:30, 11:30 – 14:00, 15:00 – 17:00, 18:00 – 21:00",,02 2720 1230,https://maps.google.com/?cid=16716043013520148840
Congrats Café,,10681台灣台北市大安區文昌街49號,台北市,大安區,"星期一: 09:00 – 22:00,星期二: 09:00 – 22:00,星期三: 09:00 – 22:00,星期四: 09:00 – 22:00,星期五: 09:00 – 22:00,星期六: 13:00 – 22:00,星期日: 13:00 – 22:00",,02 2700 6639,https://maps.google.com/?cid=3801547446930087087
Fika Fika Cafe,,104台灣台北市中山區伊通街33號,台北市,中山區,"星期一: 10:30 – 21:00,星期二: 08:00 – 21:00,星期三: 08:00 – 21:00,星期四: 08:00 – 21:00,星期五: 08:00 – 21:00,星期六: 08:00 – 21:00,星期日: 08:00 – 21:00",,02 2507 0633,https://maps.google.com/?cid=11386370734412146415
Nearby Cafe 附近咖啡,,103台灣台北市大同區長安西路78巷3弄4-1號,台北市,大同區,"星期一: 10:00 – 00:00,星期二: 10:00 – 00:00,星期三: 10:00 – 00:00,星期四: 10:00 – 00:00,星期五: 10:00 – 02:00,星期六: 10:00 – 02:00,星期日: 10:00 – 00:00",,02 2550 0335,https://maps.google.com/?cid=2655584785480700731
好滴 站前店,,100台灣台北市中正區南陽街1號2樓,台北市,中正區,"星期一: 11:30 – 21:00,星期二: 11:30 – 21:00,星期三: 11:30 – 21:00,星期四: 11:30 – 21:00,星期五: 11:30 – 21:00,星期六: 11:00 – 21:00,星期日: 11:00 – 21:00",,02 2388 8916,https://maps.google.com/?cid=5846432984773769772
Station & Cafe. 壹站咖啡,,103013台灣台北市大同區華陰街103號,台北市,大同區,"星期一: 08:00 – 03:00,星期二: 08:00 – 03:00,星期三: 08:00 – 03:00,星期四: 08:00 – 03:00,星期五: 08:00 – 03:00,星期六: 08:00 – 03:00,星期日: 08:00 – 03:00",,02 2558 8163,https://maps.google.com/?cid=418233736004424863
Just In Cafe自家直火焙煎珈琲/Coffee Beans/Toast/鹽之花可頌/生吐司/直火咖啡豆/咖啡店/,,"號 No. 4-1, 長安西路78巷3弄大同區台北市台灣 103",台北市,大同區,,,02 2550 5909,https://maps.google.com/?cid=5715996113253376124
Café Costumice,,106台灣台北市大安區忠孝東路四段223巷71弄6號,台北市,大安區,"星期一: 14:00 – 23:00,星期二: 14:00 – 23:00,星期三: 14:00 – 23:00,星期四: 14:00 – 23:00,星期五: 12:00 – 01:00,星期六: 12:00 – 01:00,星期日: 12:00 – 00:00",,02 2711 8086,https://maps.google.com/?cid=5853449617688790099
think cafe,,10491台灣台北市中山區安東街18號,台北市,中山區,"星期一: 12:00 – 18:00,星期二: 12:00 – 18:00,星期三: 12:00 – 18:00,星期四: 12:00 – 18:00,星期五: 12:00 – 18:00,星期六: 12:00 – 19:00,星期日: 休息",,,https://maps.google.com/?cid=2595511131828732150
小青苑 Cyan Cafe,,11064台灣台北市信義區基隆路一段147巷29號,台北市,信義區,"星期一: 13:00 – 19:00,星期二: 13:00 – 19:00,星期三: 13:00 – 19:00,星期四: 13:00 – 19:00,星期五: 13:00 – 19:00,星期六: 13:00 – 19:00,星期日: 休息",,02 2762 3618,https://maps.google.com/?cid=4816623198152986807
2J CAFE(假日只接受晚上6點以後的訂位),,106台灣台北市大安區建國南路二段79巷9號,台北市,大安區,"星期一: 11:30 – 22:00,星期二: 11:30 – 22:00,星期三: 11:30 – 22:00,星期四: 11:30 – 22:00,星期五: 11:30 – 22:00,星期六: 11:30 – 22:00,星期日: 11:30 – 22:00",,02 2700 3783,https://maps.google.com/?cid=8958115949632684742
貳拾陸巷 Somebody Cafe,,108台灣台北市萬華區成都路65號2樓,台北市,萬華區,"星期一: 10:00 – 18:00,星期二: 10:00 – 18:00,星期三: 10:00 – 18:00,星期四: 10:00 – 18:00,星期五: 10:00 – 18:00,星期六: 10:00 – 18:00,星期日: 10:00 – 18:00",,02 2311 2371,https://maps.google.com/?cid=15456875999298046313
Petite Cafe 波醍精品咖啡館 信義安和店,,106台灣台北市大安區安和路一段141巷15號,台北市,大安區,"星期一: 休息,星期二: 11:00 – 19:00,星期三: 11:00 – 19:00,星期四: 11:00 – 19:00,星期五: 11:00 – 19:00,星期六: 11:00 – 19:00,星期日: 11:00 – 19:00",,02 2705 7676,https://maps.google.com/?cid=9690251946271225379
休習日 Z Day Cafe,,106台灣台北市大安區樂業街41巷2號,台北市,大安區,"星期一: 休息,星期二: 11:30 – 21:00,星期三: 11:30 – 21:00,星期四: 11:30 – 21:00,星期五: 11:30 – 21:00,星期六: 11:30 – 21:00,星期日: 11:30 – 21:00",,02 2378 0602,https://maps.google.com/?cid=12733358024798141283
KOKU café 榖珈琲,,106台灣台北市大安區大安路一段175巷6號,台北市,大安區,"星期一: 11:00 – 19:00,星期二: 11:00 – 19:00,星期三: 11:00 – 19:00,星期四: 11:00 – 19:00,星期五: 11:00 – 19:00,星期六: 10:00 – 19:00,星期日: 10:00 – 19:00",,02 2709 5799,https://maps.google.com/?cid=18134124576079819972
Cafe de Gear,,100台灣台北市中正區寧波東街3-3號,台北市,中正區,"星期一: 11:00 – 19:30,星期二: 11:00 – 19:30,星期三: 11:00 – 19:30,星期四: 11:00 – 19:30,星期五: 11:00 – 19:30,星期六: 11:00 – 19:30,星期日: 11:00 – 19:30",,02 2356 3389,https://maps.google.com/?cid=9750145402851774098
annyoung cafe,,106台灣台北市大安區延吉街70巷5弄2號1樓,台北市,大安區,"星期一: 12:00 – 23:00,星期二: 12:00 – 23:00,星期三: 12:00 – 23:00,星期四: 12:00 – 23:00,星期五: 12:00 – 23:00,星期六: 12:00 – 23:00,星期日: 12:00 – 23:00",,0958 033 013,https://maps.google.com/?cid=484116027894236595
NY CAFE 紐約咖啡館,,106台灣台北市大安區復興南路一段390號4號樓之一,台北市,大安區,,,02 2368 1268,https://maps.google.com/?cid=7648860281850586236
Labu Cafe-台北美食/台北早午餐/永康街美食/大安區美食/東門美食/東門早午餐/中正美食/中正早午餐,,100台灣台北市中正區信義路二段161巷2弄7號,台北市,中正區,"星期一: 休息,星期二: 11:30 – 15:30, 17:30 – 20:30,星期三: 11:30 – 15:30, 17:30 – 20:30,星期四: 11:30 – 15:30, 17:30 – 20:30,星期五: 11:30 – 15:30, 17:30 – 20:30,星期六: 11:30 – 16:00, 17:30 – 20:30,星期日: 10:00 – 18:00",,02 2351 6210,https://maps.google.com/?cid=313431171678947335
（百花台）R9 Café,,103台灣台北市大同區赤峰街41巷13號,台北市,大同區,"星期一: 11:00 – 22:00,星期二: 11:00 – 22:00,星期三: 11:00 – 22:00,星期四: 11:00 – 22:00,星期五: 11:00 – 22:00,星期六: 08:00 – 22:00,星期日: 08:00 – 22:00",,02 2559 3159,https://maps.google.com/?cid=6638721730343899488
Remember Me_記得我．Café,,105台灣台北市松山區南京東路四段133巷4弄16號,台北市,松山區,"星期一: 12:00 – 22:00,星期二: 12:00 – 02:00,星期三: 12:00 – 02:00,星期四: 12:00 – 02:00,星期五: 12:00 – 02:00,星期六: 12:00 – 02:00,星期日: 12:00 – 22:00",,02 2547 1517,https://maps.google.com/?cid=7690791290193883466
Hera Cafe - 戚風蛋糕 | 手作甜點 | 客製蛋糕,,103台灣台北市大同區承德路二段1巷7號,台北市,大同區,"星期一: 12:00 – 19:00,星期二: 12:00 – 19:00,星期三: 12:00 – 19:00,星期四: 休息,星期五: 12:00 – 19:00,星期六: 12:00 – 19:00,星期日: 12:00 – 19:00",,0900 414 983,https://maps.google.com/?cid=10394311462434923714
無聊咖啡 AMBI- CAFE,,106台灣台北市大安區敦化南路一段187巷37號B1,台北市,大安區,"星期一: 休息,星期二: 11:30 – 20:00,星期三: 11:30 – 20:00,星期四: 11:30 – 20:00,星期五: 11:30 – 20:00,星期六: 11:30 – 20:00,星期日: 11:30 – 20:00",,02 2775 5055,https://maps.google.com/?cid=252641687055565305
喘口氣咖啡,,105台灣台北市松山區八德路三段199巷1弄20號,台北市,松山區,"星期一: 11:30 – 19:30,星期二: 11:30 – 19:30,星期三: 11:30 – 19:30,星期四: 11:30 – 19:30,星期五: 休息,星期六: 休息,星期日: 11:30 – 19:30",,02 2578 8912,https://maps.google.com/?cid=10923346015534271668
米朗琪咖啡館,,10491台灣台北市中山區中山北路二段16巷23號,台北市,中山區,"星期一: 09:30 – 17:00,星期二: 09:30 – 17:00,星期三: 09:30 – 17:00,星期四: 09:30 – 17:00,星期五: 09:30 – 17:00,星期六: 09:30 – 17:00,星期日: 09:30 – 17:00",,02 2567 3787,https://maps.google.com/?cid=6111295554712474197
Simple Kaffa Flagship 興波咖啡旗艦店,,100台灣台北市中正區忠孝東路二段27號,台北市,中正區,"星期一: 10:00 – 17:00,星期二: 10:00 – 17:00,星期三: 10:00 – 17:00,星期四: 10:00 – 17:00,星期五: 10:00 – 17:00,星期六: 10:00 – 17:00,星期日: 10:00 – 17:00",,02 3322 1888,https://maps.google.com/?cid=4151553565195229306
早秋咖啡 Cafe Macho,,10085台灣台北市中正區晉江街10號,台北市,中正區,"星期一: 12:00 – 00:00,星期二: 12:00 – 00:00,星期三: 12:00 – 00:00,星期四: 12:00 – 00:00,星期五: 12:00 – 00:00,星期六: 12:00 – 00:00,星期日: 12:00 – 00:00",,02 2368 5029,https://maps.google.com/?cid=16148179717813685624
Cross Cafe克勞斯咖啡店,,106台灣台北市大安區仁愛路四段91巷23號,台北市,大安區,"星期一: 11:00 – 21:00,星期二: 休息,星期三: 11:00 – 21:00,星期四: 11:00 – 21:00,星期五: 11:00 – 21:00,星期六: 11:00 – 21:00,星期日: 11:00 – 21:00",,02 2771 8281,https://maps.google.com/?cid=6226264162561647011
Sugar Man Cafe,,106台灣台北市大安區和平東路一段87-1號,台北市,大安區,"星期一: 14:00 – 04:00,星期二: 14:00 – 04:00,星期三: 14:00 – 04:00,星期四: 14:00 – 04:00,星期五: 14:00 – 04:00,星期六: 14:00 – 04:00,星期日: 14:00 – 04:00",,02 2396 9980,https://maps.google.com/?cid=5027829718626356802
Drunk Cafe爛醉咖啡,,106台灣台北市大安區光復南路116巷9號,台北市,大安區,"星期一: 11:30 – 20:00,星期二: 11:30 – 20:00,星期三: 11:30 – 20:00,星期四: 11:30 – 20:00,星期五: 11:30 – 22:00,星期六: 11:30 – 22:00,星期日: 11:30 – 20:00",,02 2731 8787,https://maps.google.com/?cid=8817156990077243271
ANGEL CAFE,,106台灣台北市大安區永康街18號,台北市,大安區,"星期一: 11:30 – 22:00,星期二: 11:30 – 22:00,星期三: 11:30 – 22:00,星期四: 11:30 – 22:00,星期五: 11:30 – 22:00,星期六: 11:30 – 22:00,星期日: 11:30 – 22:00",,02 3343 3533,https://maps.google.com/?cid=12776283447888474518
nu cafe Taipei,,110台灣台北市信義區忠孝東路四段557號1樓,台北市,信義區,"星期一: 12:00 – 21:00,星期二: 12:00 – 21:00,星期三: 12:00 – 21:00,星期四: 12:00 – 21:00,星期五: 12:00 – 21:00,星期六: 12:00 – 21:00,星期日: 休息",,02 5559 8704,https://maps.google.com/?cid=12050889481590833411
Laymoon cafe 義大利麵｜咖啡｜甜點禮盒｜場地租借｜外燴｜寶寶性別趴,,104台灣台北市中山區錦西街25號,台北市,中山區,"星期一: 09:00 – 00:00,星期二: 09:00 – 00:00,星期三: 09:00 – 00:00,星期四: 09:00 – 00:00,星期五: 09:00 – 00:00,星期六: 09:00 – 00:00,星期日: 09:00 – 00:00",,02 2511 5270,https://maps.google.com/?cid=6898554065517182980
picnic cafe 野餐咖啡 法式鹹派.英式司康,,106台灣台北市大安區溫州街75號,台北市,大安區,"星期一: 12:00 – 22:30,星期二: 12:00 – 22:30,星期三: 12:00 – 22:30,星期四: 12:00 – 22:30,星期五: 12:00 – 22:30,星期六: 12:00 – 22:30,星期日: 12:00 – 22:30",,02 2368 7798,https://maps.google.com/?cid=10230619818668788622
生活在他方-城南店(搬遷新址Reopen! 適合1-2位前往，無訂位服務請見諒),,100台灣台北市中正區重慶南路三段5號,台北市,中正區,"星期一: 休息,星期二: 07:30 – 22:00,星期三: 07:30 – 22:00,星期四: 07:30 – 22:00,星期五: 07:30 – 22:00,星期六: 07:30 – 22:00,星期日: 07:30 – 22:00",,02 3393 2018,https://maps.google.com/?cid=3230208962355954525
StayReal Café,,106台灣台北市大安區敦化南路一段177巷14號,台北市,大安區,,,02 2731 8011,https://maps.google.com/?cid=15397049566016799781
I Met You Cafe,,110台灣台北市信義區基隆路一段380巷5號,台北市,信義區,,,02 2758 6323,https://maps.google.com/?cid=9600227588442138743
福來得咖啡 Fred`s Cafe,,110台灣台北市信義區信義路四段413-1號,台北市,信義區,"星期一: 11:00 – 15:00,星期二: 11:00 – 18:00,星期三: 11:00 – 18:00,星期四: 11:00 – 18:00,星期五: 11:00 – 18:00,星期六: 11:00 – 18:00,星期日: 休息",,02 2758 8629,https://maps.google.com/?cid=17162395142787025064
3 Cafe Studio,,10491台灣台北市中山區建國北路二段18號,台北市,中山區,"星期一: 09:00 – 21:00,星期二: 09:00 – 21:00,星期三: 09:00 – 21:00,星期四: 09:00 – 21:00,星期五: 13:00 – 21:00,星期六: 13:00 – 21:00,星期日: 13:00 – 21:00",,02 2501 3322,https://maps.google.com/?cid=4664742880415678987
妳有咖啡 neo cafe,,108台灣台北市萬華區武昌街二段83-9號號 2F,台北市,萬華區,"星期一: 00:00 – 00:30, 11:30 – 23:30,星期二: 00:00 – 00:30, 11:30 – 21:15,星期三: 11:30 – 21:15,星期四: 11:30 – 23:30,星期五: 00:00 – 00:30, 11:30 – 23:30,星期六: 00:00 – 00:30, 11:30 – 23:30,星期日: 00:00 – 00:30, 11:30 – 23:30",,02 2370 5174,https://maps.google.com/?cid=12606119982105166196
MA CAFE,,106台灣台北市大安區敦化南路二段11巷1號,台北市,大安區,"星期一: 11:00 – 19:00,星期二: 11:00 – 19:00,星期三: 11:00 – 19:00,星期四: 11:00 – 19:00,星期五: 11:00 – 19:00,星期六: 11:00 – 19:00,星期日: 11:00 – 19:00",,02 2701 5555,https://maps.google.com/?cid=4881772514193152127
明星咖啡館,,100台灣台北市中正區武昌街一段5號,台北市,中正區,"星期一: 11:30 – 20:30,星期二: 11:30 – 20:30,星期三: 11:30 – 20:30,星期四: 11:30 – 20:30,星期五: 11:30 – 21:00,星期六: 11:30 – 21:00,星期日: 11:30 – 20:30",,02 2381 5589,https://maps.google.com/?cid=7076563045233198097
Orchard CAFE,,10491台灣台北市中山區民權東路一段79號1樓,台北市,中山區,"星期一: 07:00 – 19:00,星期二: 07:00 – 19:00,星期三: 07:00 – 19:00,星期四: 07:00 – 19:00,星期五: 07:00 – 19:00,星期六: 07:00 – 19:00,星期日: 07:00 – 19:00",,02 2595 0668,https://maps.google.com/?cid=11607582434162471103
The Who Cafe 框影咖啡,,106台灣台北市大安區麗水街2-1號2樓,台北市,大安區,"星期一: 12:00 – 20:30,星期二: 12:00 – 20:30,星期三: 12:00 – 20:30,星期四: 12:00 – 20:30,星期五: 12:00 – 20:30,星期六: 12:00 – 20:30,星期日: 12:00 – 20:30",,02 3322 1020,https://maps.google.com/?cid=16241844482466052003
嗯！Café,,106台灣台北市大安區忠孝東路三段251巷9弄3號1樓,台北市,大安區,"星期一: 休息,星期二: 11:00 – 17:00,星期三: 11:00 – 17:00,星期四: 11:00 – 17:00,星期五: 11:00 – 17:00,星期六: 12:00 – 18:00,星期日: 12:00 – 18:00",,02 2781 8383,https://maps.google.com/?cid=1289055983868015450
Dine in cafe,,10491台灣台北市中山區中山北路二段36巷11號1樓,台北市,中山區,"星期一: 休息,星期二: 11:30 – 21:30,星期三: 11:30 – 21:30,星期四: 11:30 – 21:30,星期五: 11:30 – 21:30,星期六: 11:30 – 21:30,星期日: 11:30 – 21:30",,02 2521 9586,https://maps.google.com/?cid=3345073540614064367
BUNA CAF'E 布納咖啡館 內湖館,,114台灣台北市內湖區民權東路六段137號,台北市,內湖區,"星期一: 09:00 – 22:00,星期二: 09:00 – 22:00,星期三: 09:00 – 22:00,星期四: 09:00 – 22:00,星期五: 09:00 – 22:00,星期六: 09:00 – 22:00,星期日: 09:00 – 22:00",,02 2791 2727,https://maps.google.com/?cid=9877787659279242520
Dazy Café,,106台灣台北市大安區通安街5號1樓,台北市,大安區,"星期一: 07:30 – 17:00,星期二: 07:30 – 17:00,星期三: 07:30 – 17:00,星期四: 07:30 – 17:00,星期五: 07:30 – 17:00,星期六: 08:00 – 15:30,星期日: 休息",,02 2707 8828,https://maps.google.com/?cid=12472583384695975650
老木咖啡,,106台灣台北市大安區和平東路三段119巷11號,台北市,大安區,"星期一: 12:00 – 21:00,星期二: 12:00 – 21:00,星期三: 12:00 – 21:00,星期四: 12:00 – 21:00,星期五: 13:00 – 23:00,星期六: 13:00 – 23:00,星期日: 12:00 – 21:00",,02 2735 6158,https://maps.google.com/?cid=7093682895729413304
二會咖啡廳,,10444台灣台北市中山區華陰街21號2樓,台北市,中山區,"星期一: 13:00 – 20:00,星期二: 13:00 – 20:00,星期三: 13:00 – 20:00,星期四: 13:00 – 20:00,星期五: 13:00 – 20:00,星期六: 13:00 – 20:00,星期日: 13:00 – 20:00",,02 2522 1213,https://maps.google.com/?cid=7314886155311932493
June Cafe 六月咖啡（營業時間請參照FB及IG公告！）,,104台灣台北市中山區中山北路二段62巷24號,台北市,中山區,"星期一: 07:30 – 17:00,星期二: 07:30 – 17:00,星期三: 07:30 – 17:00,星期四: 07:30 – 17:00,星期五: 07:30 – 17:00,星期六: 13:00 – 18:00,星期日: 休息",,02 2523 9664,https://maps.google.com/?cid=16191307093884148747
ACME｜Cafe Bar & Restaurant 臺北表演藝術中心,,111台灣台北市士林區劍潭路1號7樓,台北市,士林區,"星期一: 休息,星期二: 12:00 – 21:00,星期三: 12:00 – 21:00,星期四: 12:00 – 21:00,星期五: 12:00 – 21:00,星期六: 12:00 – 21:00,星期日: 12:00 – 21:00",,02 6617 7575,https://maps.google.com/?cid=6096500173198889667
Cafe' de Corner,,100台灣台北市中正區羅斯福路二段36巷1號,台北市,中正區,"星期一: 休息,星期二: 12:30 – 20:00,星期三: 12:30 – 19:00,星期四: 12:30 – 20:00,星期五: 12:30 – 20:00,星期六: 12:30 – 20:00,星期日: 12:30 – 20:00",,02 2391 9258,https://maps.google.com/?cid=16656810326465747317
奧蘿茉 OROMO CAFE 世貿店,,110台灣台北市信義區吳興街15號,台北市,信義區,"星期一: 08:30 – 20:30,星期二: 08:30 – 20:30,星期三: 08:30 – 20:30,星期四: 08:30 – 20:30,星期五: 08:30 – 20:30,星期六: 09:30 – 19:30,星期日: 09:30 – 19:30",,02 2345 3008,https://maps.google.com/?cid=14785543965008182995
Hoto Cafe(無訂位服務）,,10491台灣台北市中山區南京東路一段13巷7弄6號,台北市,中山區,"星期一: 12:00 – 18:30,星期二: 12:00 – 18:30,星期三: 12:00 – 18:30,星期四: 12:00 – 18:30,星期五: 12:00 – 18:30,星期六: 11:00 – 18:30,星期日: 休息",,02 2521 4334,https://maps.google.com/?cid=297476714391009262
咖啡黑潮,,106台灣台北市大安區和平東路一段141巷9-1號,台北市,大安區,"星期一: 休息,星期二: 13:00 – 18:30,星期三: 13:00 – 18:30,星期四: 13:00 – 18:30,星期五: 13:00 – 18:30,星期六: 13:00 – 18:30,星期日: 13:00 – 18:30",,02 2357 0018,https://maps.google.com/?cid=17940509255336580539
有意樹桿咖啡 ArTree Cafe',,110台灣台北市信義區富陽街28號,台北市,信義區,,,02 8732 6336,https://maps.google.com/?cid=3573304734322385332
Homey's cafe(無法訂位）,,106台灣台北市大安區敦化南路一段236巷36號騷豆花樓上2樓,台北市,大安區,"星期一: 12:00 – 23:00,星期二: 12:00 – 23:00,星期三: 12:00 – 23:00,星期四: 12:00 – 23:00,星期五: 12:00 – 23:00,星期六: 12:00 – 23:00,星期日: 12:00 – 23:00",,02 2711 1519,https://maps.google.com/?cid=7211449836552199071
O.L.O CAFÉ,,10571台灣台北市松山區南京東路五段97號,台北市,松山區,"星期一: 09:30 – 17:30,星期二: 09:30 – 17:30,星期三: 09:30 – 17:30,星期四: 09:30 – 17:30,星期五: 09:30 – 17:30,星期六: 09:30 – 17:30,星期日: 09:30 – 17:30",,02 2766 3089,https://maps.google.com/?cid=1356165761720384308
Yami Caf’e,,108台灣台北市萬華區武昌街二段50巷15號2F,台北市,萬華區,"星期一: 11:00 – 21:30,星期二: 11:00 – 21:30,星期三: 11:00 – 21:30,星期四: 11:00 – 21:30,星期五: 11:00 – 21:30,星期六: 11:00 – 21:30,星期日: 11:00 – 21:30",,02 2311 1127,https://maps.google.com/?cid=4721486667989524904
APO CAFE,,10491台灣台北市中山區敬業一路118號,台北市,中山區,,,02 8502 1507,https://maps.google.com/?cid=8586098313587462537
